Unnamed: 0.1,Unnamed: 0,id,neo_reference_id,name,name_limited,designation,absolute_magnitude_h,is_potentially_hazardous_asteroid,is_sentry_object,kilometers_estimated_diameter_min,kilometers_estimated_diameter_max,orbit_id,orbit_class_type,perihelion_distance,aphelion_distance,first_observation_date,last_observation_date,orbit_class_description,Median Size,start_date,end_date,duration,After Atlas
0,0,2001981,2001981,1981 Midas (1973 EA),Midas,1981,15.22,True,False,2.4019003012,5.3708123486,229,APO,0.621512027006993,2.931359900542769,1973-03-06,2021-10-20,Near-Earth asteroid orbits which cross the Earth’s orbit similar to that of 1862 Apollo,1.4844560237000002,1973-03-06,2021-10-20,17760 days,False
1,1,2002059,2002059,2059 Baboquivari (1963 UA),Baboquivari,2059,15.97,False,False,1.7004151927,3.8022439609,268,AMO,1.23853742528094,4.04794500021122,1963-10-16,2021-04-15,Near-Earth asteroid orbits similar to that of 1221 Amor,1.0509143841,1963-10-16,2021-04-15,21001 days,False
2,2,2002061,2002061,2061 Anza (1960 UA),Anza,2061,16.36,False,False,1.4208720673,3.1771665298,180,AMO,1.050403440408666,3.478155246544549,1960-10-22,2021-06-12,Near-Earth asteroid orbits similar to that of 1221 Amor,0.87814723125,1960-10-22,2021-06-12,22148 days,False
3,3,2002062,2002062,2062 Aten (1976 AA),Aten,2062,17.1,False,False,1.0105434154,2.2596437711,149,ATE,0.7901848121124645,1.143632683518869,1955-12-17,2019-11-10,Near-Earth asteroid orbits similar to that of 2062 Aten,0.62455017785,1955-12-17,2019-11-10,23339 days,False
4,4,2002063,2002063,2063 Bacchus (1977 HB),Bacchus,2063,17.28,False,False,0.930154254,2.0798881414,143,APO,0.7013968175846752,1.45480352028144,1977-04-24,2021-12-02,Near-Earth asteroid orbits which cross the Earth’s orbit similar to that of 1862 Apollo,0.5748669437,1977-04-24,2021-12-02,16293 days,False
5,5,2002100,2002100,2100 Ra-Shalom (1978 RA),Ra-Shalom,2100,16.23,False,False,1.5085335612,3.3731835891,278,ATE,0.4687505916734057,1.1953224902291,1975-10-03,2021-12-02,Near-Earth asteroid orbits similar to that of 2062 Aten,0.93232501395,1975-10-03,2021-12-02,16862 days,False
6,6,2002101,2002101,2101 Adonis (1936 CA),Adonis,2101,18.64,True,False,0.4972273129,1.1118340719,45,APO,0.4418985623278233,3.305989133829608,1936-02-21,2020-06-09,Near-Earth asteroid orbits which cross the Earth’s orbit similar to that of 1862 Apollo,0.3073033795,1936-02-21,2020-06-09,30790 days,False
7,7,2002102,2002102,2102 Tantalus (1975 YA),Tantalus,2102,16.0,True,False,1.6770846216,3.750075218,222,APO,0.9039974543742,1.67612208988604,1975-12-30,2021-09-22,Near-Earth asteroid orbits which cross the Earth’s orbit similar to that of 1862 Apollo,1.0364952982000002,1975-12-30,2021-09-22,16703 days,False
8,8,2002135,2002135,2135 Aristaeus (1977 HA),Aristaeus,2135,18.02,True,False,0.6615382752,1.4792445531,24,APO,0.7946158478262336,2.404383436735098,1977-04-17,2020-05-30,Near-Earth asteroid orbits which cross the Earth’s orbit similar to that of 1862 Apollo,0.40885313895000003,1977-04-17,2020-05-30,15749 days,False
9,9,2002201,2002201,2201 Oljato (1947 XC),Oljato,2201,15.25,True,False,2.3689449936,5.2971220406,234,APO,0.624199312774489,3.724972998364509,1931-12-03,2021-09-16,Near-Earth asteroid orbits which cross the Earth’s orbit similar to that of 1862 Apollo,1.4640885234999998,1931-12-03,2021-09-16,32795 days,False
10,10,2002202,2002202,2202 Pele (1972 RA),Pele,2202,17.15,False,False,0.9875406389,2.2082079992,75,AMO,1.116882785428331,3.465288607355872,1972-09-07,2022-03-30,Near-Earth asteroid orbits similar to that of 1221 Amor,0.6103336801499999,1972-09-07,2022-03-30,18101 days,False
11,11,2002212,2002212,2212 Hephaistos (1978 SB),Hephaistos,2212,13.53,False,False,5.230641758,11.6960705369,533,APO,0.3512241310751134,3.967845678924154,1978-09-27,2022-03-14,Near-Earth asteroid orbits which cross the Earth’s orbit similar to that of 1862 Apollo,3.2327143894500003,1978-09-27,2022-03-14,15874 days,False
12,12,2002329,2002329,2329 Orthos (1976 WA),Orthos,2329,14.56,False,False,3.2550298576,7.2784680305,360,APO,0.833341753251933,3.984474921632861,1976-05-31,2022-03-07,Near-Earth asteroid orbits which cross the Earth’s orbit similar to that of 1862 Apollo,2.0117190864500003,1976-05-31,2022-03-07,16716 days,False
13,13,2002340,2002340,2340 Hathor (1976 UA),Hathor,2340,20.33,True,False,0.228325794,0.5105519964,61,ATE,0.4641702826770809,1.223264298572094,1976-10-25,2019-01-24,Near-Earth asteroid orbits similar to that of 2062 Aten,0.14111310120000004,1976-10-25,2019-01-24,15431 days,False
14,14,2002368,2002368,2368 Beltrovata (1977 RA),Beltrovata,2368,15.2,False,False,2.424124811,5.4205078634,306,AMO,1.235368883826091,2.97585000715097,1977-09-04,2022-04-06,Near-Earth asteroid orbits similar to that of 1221 Amor,1.4981915262,1977-09-04,2022-04-06,16285 days,False
15,15,2002608,2002608,2608 Seneca (1978 DA),Seneca,2608,17.48,False,False,0.8483107619,1.8968805296,21,AMO,1.08035617457655,3.952968767272527,1978-02-17,2021-01-05,Near-Earth asteroid orbits similar to that of 1221 Amor,0.52428488385,1978-02-17,2021-01-05,15663 days,False
16,16,2003102,2003102,3102 Krok (1981 QA),Krok,3102,16.18,False,False,1.5436718218,3.4517551284,258,AMO,1.183987315670417,3.117456241170374,1981-08-21,2022-03-09,Near-Earth asteroid orbits similar to that of 1221 Amor,0.9540416532999999,1981-08-21,2022-03-09,14810 days,False
17,17,2003103,2003103,3103 Eger (1982 BB),Eger,3103,15.25,False,False,2.3689449936,5.2971220406,694,APO,0.90680951909602,1.901334254925316,1982-01-21,2022-04-15,Near-Earth asteroid orbits which cross the Earth’s orbit similar to that of 1862 Apollo,1.4640885234999998,1982-01-21,2022-04-15,14694 days,False
18,18,2003122,2003122,3122 Florence (1981 ET3),Florence,3122,14.04,True,False,4.1357566488,9.2478330051,636,AMO,1.020047108300166,2.517285060912215,1979-03-09,2021-07-01,Near-Earth asteroid orbits similar to that of 1221 Amor,2.55603817815,1979-03-09,2021-07-01,15455 days,False
19,19,2003199,2003199,3199 Nefertiti (1982 RA),Nefertiti,3199,14.84,False,False,2.8612445378,6.3979372868,351,AMO,1.127028174737144,2.021991459514207,1982-09-13,2021-06-14,Near-Earth asteroid orbits similar to that of 1221 Amor,1.7683463745,1982-09-13,2021-06-14,14154 days,False
20,20,2003200,2003200,3200 Phaethon (1983 TB),Phaethon,3200,14.4,True,False,3.5039264111,7.8350176433,777,APO,0.1401455526891915,2.402657594487749,1983-10-27,2021-10-22,Near-Earth asteroid orbits which cross the Earth’s orbit similar to that of 1862 Apollo,2.1655456160999997,1983-10-27,2021-10-22,13875 days,False
21,21,2003271,2003271,3271 Ul (1982 RB),Ul,3271,16.56,False,False,1.2958507267,2.8976103136,66,AMO,1.269036306849384,2.933170646927881,1982-09-14,2021-04-06,Near-Earth asteroid orbits similar to that of 1221 Amor,0.80087979345,1982-09-14,2021-04-06,14084 days,False
22,22,2003288,2003288,3288 Seleucus (1982 DV),Seleucus,3288,15.35,False,False,2.2623249055,5.058712276,426,AMO,1.10512034407502,2.960116759131981,1982-02-28,2022-04-09,Near-Earth asteroid orbits similar to that of 1221 Amor,1.3981936852499999,1982-02-28,2022-04-09,14650 days,False
23,23,2003352,2003352,3352 McAuliffe (1981 CW),McAuliffe,3352,15.94,False,False,1.7240703244,3.8551384433,381,AMO,1.185634128750656,2.57216906888313,1981-02-06,2022-04-10,Near-Earth asteroid orbits similar to that of 1221 Amor,1.06553405945,1981-02-06,2022-04-10,15038 days,False
24,24,2003360,2003360,3360 Syrinx (1981 VA),Syrinx,3360,15.94,False,False,1.7240703244,3.8551384433,132,APO,0.6266339382912828,4.306202084401575,1981-11-04,2021-01-11,Near-Earth asteroid orbits which cross the Earth’s orbit similar to that of 1862 Apollo,1.06553405945,1981-11-04,2021-01-11,14313 days,False
25,25,2003361,2003361,3361 Orpheus (1982 HR),Orpheus,3361,19.39,True,False,0.3520099801,0.7871182442,179,APO,0.8193931096522026,1.601798825605424,1982-04-24,2022-02-10,Near-Earth asteroid orbits which cross the Earth’s orbit similar to that of 1862 Apollo,0.21755413205,1982-04-24,2022-02-10,14537 days,False
26,26,2003362,2003362,3362 Khufu (1984 QA),Khufu,3362,18.3,True,False,0.5815070396,1.30028927,24,ATE,0.5259517281609527,1.453146904335157,1984-08-30,2004-11-27,Near-Earth asteroid orbits similar to that of 2062 Aten,0.35939111519999994,1984-08-30,2004-11-27,7394 days,False
27,27,2003551,2003551,3551 Verenia (1983 RD),Verenia,3551,16.71,False,False,1.2093582639,2.7042072872,109,AMO,1.072996336361807,3.112181622378441,1983-09-07,2022-04-06,Near-Earth asteroid orbits similar to that of 1221 Amor,0.74742451165,1983-09-07,2022-04-06,14091 days,False
28,28,2003552,2003552,3552 Don Quixote (1983 SA),Don Quixote,3552,13.07,False,False,6.4647982561,14.4557283615,269,AMO,1.242293393089268,7.284240430131785,1983-09-10,2022-02-20,Near-Earth asteroid orbits similar to that of 1221 Amor,3.9954650527,1983-09-10,2022-02-20,14043 days,False
29,29,2003553,2003553,3553 Mera (1985 JA),Mera,3553,16.39,False,False,1.4013769717,3.1335741707,172,AMO,1.118366276489382,2.171053050249352,1985-05-11,2021-09-09,Near-Earth asteroid orbits similar to that of 1221 Amor,0.8660985995000001,1985-05-11,2021-09-09,13270 days,False
30,30,2003554,2003554,3554 Amun (1986 EB),Amun,3554,15.82,False,False,1.8220277059,4.0741778073,262,ATE,0.7006250410770806,1.247329559092403,1986-03-04,2018-12-20,Near-Earth asteroid orbits similar to that of 2062 Aten,1.1260750507,1986-03-04,2018-12-20,11979 days,False
31,31,2003671,2003671,3671 Dionysus (1984 KD),Dionysus,3671,16.49,True,False,1.3383046182,2.9925401008,131,APO,1.008697068853533,3.389362813624114,1984-05-27,2022-01-06,Near-Earth asteroid orbits which cross the Earth’s orbit similar to that of 1862 Apollo,0.8271177412999999,1984-05-27,2022-01-06,13738 days,False
32,32,2003691,2003691,3691 Bede (1982 FT),Bede,3691,14.81,False,False,2.9010484143,6.4869414603,635,AMO,1.270208919702859,2.278614480455149,1975-06-09,2022-04-15,Near-Earth asteroid orbits similar to that of 1221 Amor,1.792946523,1975-06-09,2022-04-15,17112 days,False
33,33,2003752,2003752,3752 Camillo (1985 PA),Camillo,3752,15.23,False,False,2.3908645717,5.3461357073,318,APO,0.987104461058964,1.839772966665539,1976-01-28,2022-04-02,Near-Earth asteroid orbits which cross the Earth’s orbit similar to that of 1862 Apollo,1.4776355678000002,1976-01-28,2022-04-02,16866 days,False
34,34,2003753,2003753,3753 Cruithne (1986 TO),Cruithne,3753,15.52,False,False,2.091967709,4.6777820041,223,ATE,0.483908503631942,1.511509941845563,1973-10-17,2021-11-08,Near-Earth asteroid orbits similar to that of 2062 Aten,1.29290714755,1973-10-17,2021-11-08,17554 days,False
35,35,2003757,2003757,3757 Anagolay (1982 XB),Anagolay,3757,18.9,True,False,0.4411182,0.9863702813,47,APO,1.016899784597074,2.652708376453868,1982-12-14,2019-09-19,Near-Earth asteroid orbits which cross the Earth’s orbit similar to that of 1862 Apollo,0.27262604065,1982-12-14,2019-09-19,13428 days,False
36,36,2003838,2003838,3838 Epona (1986 WA),Epona,3838,15.73,False,False,1.8991312347,4.246586539,141,APO,0.4478266372134052,2.561940635480328,1986-11-30,2022-02-22,Near-Earth asteroid orbits which cross the Earth’s orbit similar to that of 1862 Apollo,1.17372765215,1986-11-30,2022-02-22,12868 days,False
37,37,2003908,2003908,3908 Nyx (1980 PA),Nyx,3908,17.34,False,False,0.9048049682,2.0232054153,236,AMO,1.042731721330407,2.812990333590479,1980-08-06,2022-04-10,Near-Earth asteroid orbits similar to that of 1221 Amor,0.55920022355,1980-08-06,2022-04-10,15222 days,False
38,38,2003988,2003988,3988 Huma (1986 LA),Huma,3988,17.95,False,False,0.6832111991,1.5277066841,140,AMO,1.055496435217862,2.033660739060887,1986-06-04,2022-03-03,Near-Earth asteroid orbits similar to that of 1221 Amor,0.42224774249999997,1986-06-04,2022-03-03,13056 days,False
39,39,2004015,2004015,4015 Wilson-Harrington (1979 VA),Wilson-Harrington,4015,16.02,True,False,1.6617090174,3.7156943217,190,APO,0.9667127426471372,4.282824632046727,1949-11-19,2022-04-05,Near-Earth asteroid orbits which cross the Earth’s orbit similar to that of 1862 Apollo,1.0269926521500001,1949-11-19,2022-04-05,26435 days,False
40,40,2004034,2004034,4034 Vishnu (1986 PA),Vishnu,4034,18.41,True,False,0.5527833794,1.2360612132,92,APO,0.5890992080197494,1.529969129276035,1986-08-02,2021-09-11,Near-Earth asteroid orbits which cross the Earth’s orbit similar to that of 1862 Apollo,0.3416389169,1986-08-02,2021-09-11,12824 days,False
41,41,2004055,2004055,4055 Magellan (1985 DO2),Magellan,4055,14.74,False,False,2.9960908385,6.6994627817,736,AMO,1.226785451287107,2.414135247777414,1985-01-21,2022-04-11,Near-Earth asteroid orbits similar to that of 1221 Amor,1.8516859716000003,1985-01-21,2022-04-11,13594 days,False
42,42,2004179,2004179,4179 Toutatis (1989 AC),Toutatis,4179,15.31,True,False,2.3043846658,5.152760759,613,APO,0.9561425876965952,4.13356768333245,1934-02-10,2022-04-10,Near-Earth asteroid orbits which cross the Earth’s orbit similar to that of 1862 Apollo,1.4241880466000003,1934-02-10,2022-04-10,32201 days,False
43,43,2004183,2004183,4183 Cuno (1959 LM),Cuno,4183,14.13,True,False,3.9678475407,8.8723768253,501,APO,0.7235591147920434,3.243624587353582,1959-06-05,2021-11-03,Near-Earth asteroid orbits which cross the Earth’s orbit similar to that of 1862 Apollo,2.4522646423000003,1959-06-05,2021-11-03,22797 days,False
44,44,2004197,2004197,4197 Morpheus (1982 TA),Morpheus,4197,14.93,False,False,2.7450798165,6.1381850734,158,APO,0.5218197472766027,4.06686907706638,1954-09-03,2021-08-09,Near-Earth asteroid orbits which cross the Earth’s orbit similar to that of 1862 Apollo,1.6965526284499999,1954-09-03,2021-08-09,24447 days,False
45,45,2004257,2004257,4257 Ubasti (1987 QA),Ubasti,4257,16.06,False,False,1.6313794097,3.6478752572,199,APO,0.8761464041267323,2.418361395080077,1987-08-23,2022-04-13,Near-Earth asteroid orbits which cross the Earth’s orbit similar to that of 1862 Apollo,1.00824792375,1987-08-23,2022-04-13,12652 days,False
46,46,2004341,2004341,4341 Poseidon (1987 KF),Poseidon,4341,16.05,False,False,1.6389095149,3.6647130844,164,APO,0.5869918459429616,3.08147534533498,1987-05-29,2022-04-08,Near-Earth asteroid orbits which cross the Earth’s orbit similar to that of 1862 Apollo,1.0129017847500001,1987-05-29,2022-04-08,12733 days,False
47,47,2004401,2004401,4401 Aditi (1985 TB),Aditi,4401,16.02,False,False,1.6617090174,3.7156943217,208,AMO,1.126943994517433,4.037591147598791,1985-10-14,2019-05-31,Near-Earth asteroid orbits similar to that of 1221 Amor,1.0269926521500001,1985-10-14,2019-05-31,12282 days,False
48,48,2004450,2004450,4450 Pan (1987 SY),Pan,4450,17.16,True,False,0.9830033019,2.1980622051,245,APO,0.5965068736361884,2.28807482267847,1937-02-06,2022-01-01,Near-Earth asteroid orbits which cross the Earth’s orbit similar to that of 1862 Apollo,0.6075294515999999,1937-02-06,2022-01-01,31010 days,False
49,49,2004486,2004486,4486 Mithra (1987 SB),Mithra,4486,15.53,True,False,2.0823559905,4.6562895481,232,APO,0.7421617766594483,3.657272992958494,1987-01-29,2022-03-23,Near-Earth asteroid orbits which cross the Earth’s orbit similar to that of 1862 Apollo,1.2869667788,1987-01-29,2022-03-23,12837 days,False
50,50,2004487,2004487,4487 Pocahontas (1987 UA),Pocahontas,4487,17.49,False,False,0.844413128,1.8881651553,171,AMO,1.217126833070293,2.243584570433188,1987-09-24,2022-03-12,Near-Earth asteroid orbits similar to that of 1221 Amor,0.52187601365,1987-09-24,2022-03-12,12588 days,False
51,51,2004503,2004503,4503 Cleobulus (1989 WM),Cleobulus,4503,15.78,False,False,1.85590173,4.1499224279,213,AMO,1.286826927758022,4.122297170044811,1980-12-30,2021-06-04,Near-Earth asteroid orbits similar to that of 1221 Amor,1.1470103489499999,1980-12-30,2021-06-04,14766 days,False
52,52,2004544,2004544,4544 Xanthus (1989 FB),Xanthus,4544,17.4,False,False,0.8801465209,1.9680674509,220,APO,0.7812910886905617,1.302593012656995,1989-03-30,2022-04-14,Near-Earth asteroid orbits which cross the Earth’s orbit similar to that of 1862 Apollo,0.5439604650000001,1989-03-30,2022-04-14,12068 days,False
53,53,2004581,2004581,4581 Asclepius (1989 FC),Asclepius,4581,20.79,True,False,0.1847374636,0.4130855266,110,APO,0.6576889656807864,1.387743796846548,1989-03-31,2021-04-18,Near-Earth asteroid orbits which cross the Earth’s orbit similar to that of 1862 Apollo,0.11417403149999998,1989-03-31,2021-04-18,11706 days,False
55,55,2004660,2004660,4660 Nereus (1982 DB),Nereus,4660,18.67,True,False,0.4904050984,1.0965791366,246,APO,0.9523316285658288,2.018764667905744,1981-09-30,2022-04-12,Near-Earth asteroid orbits which cross the Earth’s orbit similar to that of 1862 Apollo,0.30308701909999997,1981-09-30,2022-04-12,14804 days,False
57,57,2004769,2004769,4769 Castalia (1989 PB),Castalia,4769,17.48,True,False,0.8483107619,1.8968805296,93,APO,0.5495327445078074,1.576808408081641,1989-08-01,2021-07-07,Near-Earth asteroid orbits which cross the Earth’s orbit similar to that of 1862 Apollo,0.52428488385,1989-08-01,2021-07-07,11663 days,False
58,58,2004947,2004947,4947 Ninkasi (1988 TJ1),Ninkasi,4947,18.0,False,False,0.6676594135,1.4929318344,171,AMO,1.139187925467903,1.600864101757643,1978-02-17,2021-01-16,Near-Earth asteroid orbits similar to that of 1221 Amor,0.41263621045,1978-02-17,2021-01-16,15674 days,False
60,60,2004954,2004954,4954 Eric (1990 SQ),Eric,4954,12.58,False,False,8.1013048824,18.1150684236,608,AMO,1.102689849257084,2.900077775758285,1975-06-07,2022-04-16,Near-Earth asteroid orbits similar to that of 1221 Amor,5.006881770600001,1975-06-07,2022-04-16,17115 days,False
61,61,2004957,2004957,4957 Brucemurray (1990 XJ),Brucemurray,4957,14.93,False,False,2.7450798165,6.1381850734,147,AMO,1.222666262647022,1.908244158918035,1976-03-11,2022-03-02,Near-Earth asteroid orbits similar to that of 1221 Amor,1.6965526284499999,1976-03-11,2022-03-02,16792 days,False
62,62,2005011,2005011,5011 Ptah (6743 P-L),Ptah,5011,16.36,True,False,1.4208720673,3.1771665298,153,APO,0.8175462450373092,2.454125039194698,1960-09-24,2021-07-20,Near-Earth asteroid orbits which cross the Earth’s orbit similar to that of 1862 Apollo,0.87814723125,1960-09-24,2021-07-20,22214 days,False
64,64,2005143,2005143,5143 Heracles (1991 VL),Heracles,5143,14.13,False,False,3.9678475407,8.8723768253,602,APO,0.4171398410512937,3.249286155752055,1953-11-30,2021-11-25,Near-Earth asteroid orbits which cross the Earth’s orbit similar to that of 1862 Apollo,2.4522646423000003,1953-11-30,2021-11-25,24832 days,False
66,66,2005324,2005324,5324 Lyapunov (1987 SL),Lyapunov,5324,15.45,False,False,2.160503512,4.8310327184,59,AMO,1.179768284082008,4.791325203678462,1987-09-19,2022-04-09,Near-Earth asteroid orbits similar to that of 1221 Amor,1.3352646032000002,1987-09-19,2022-04-09,12621 days,False
67,67,2005332,2005332,5332 Davidaguilar (1990 DA),Davidaguilar,5332,14.87,False,False,2.821986791,6.3101542964,353,AMO,1.17913854502611,3.148901776618354,1973-10-18,2022-04-15,Near-Earth asteroid orbits similar to that of 1221 Amor,1.7440837527000002,1973-10-18,2022-04-15,17711 days,False
68,68,2005370,2005370,5370 Taranis (1986 RA),Taranis,5370,15.24,False,False,2.3798795468,5.321572445,65,AMO,1.206050267936962,5.440228500120292,1986-08-11,2022-04-09,Near-Earth asteroid orbits similar to that of 1221 Amor,1.4708464491000002,1986-08-11,2022-04-09,13025 days,False
69,69,2005381,2005381,5381 Sekhmet (1991 JY),Sekhmet,5381,16.6,False,False,1.2721987854,2.844722965,91,ATE,0.666696253232475,1.228231321301045,1991-05-14,2017-03-16,Near-Earth asteroid orbits similar to that of 2062 Aten,0.7862620897999999,1991-05-14,2017-03-16,9438 days,False
74,74,2005620,2005620,5620 Jasonwheeler (1990 OA),Jasonwheeler,5620,17.04,False,False,1.038855101,2.3229506246,114,AMO,1.247572956292145,3.071100551599537,1955-05-16,2021-02-10,Near-Earth asteroid orbits similar to that of 1221 Amor,0.6420477617999999,1955-05-16,2021-02-10,24012 days,False
75,75,2005626,2005626,5626 Melissabrucker (1991 FE),Melissabrucker,5626,14.24,False,False,3.7718548926,8.4341239412,621,AMO,1.19619688654077,3.191659238538862,1970-09-08,2021-07-01,Near-Earth asteroid orbits similar to that of 1221 Amor,2.3311345242999995,1970-09-08,2021-07-01,18559 days,False
78,78,2005653,2005653,5653 Camarillo (1992 WD5),Camarillo,5653,16.27,False,False,1.4809997207,3.3116160501,385,AMO,1.247505462369059,2.340803247544815,1974-03-24,2022-04-12,Near-Earth asteroid orbits similar to that of 1221 Amor,0.9153081647,1974-03-24,2022-04-12,17551 days,False
81,81,2005731,2005731,5731 Zeus (1988 VP4),Zeus,5731,15.51,False,False,2.1016237932,4.6993736648,142,APO,0.7884152949990328,3.748175018859633,1988-09-13,2021-09-11,Near-Earth asteroid orbits which cross the Earth’s orbit similar to that of 1862 Apollo,1.2988749358000002,1988-09-13,2021-09-11,12051 days,False
82,82,2005751,2005751,5751 Zao (1992 AC),Zao,5751,14.91,False,False,2.7704797273,6.1949810006,322,AMO,1.208221381291702,2.995212719038769,1989-03-10,2022-02-20,Near-Earth asteroid orbits similar to that of 1221 Amor,1.71225063665,1989-03-10,2022-02-20,12035 days,False
83,83,2005786,2005786,5786 Talos (1991 RC),Talos,5786,17.14,False,False,0.9920989194,2.2184006242,192,APO,0.1871707777559236,1.975840620969333,1991-09-03,2020-11-08,Near-Earth asteroid orbits which cross the Earth’s orbit similar to that of 1862 Apollo,0.6131508524,1991-09-03,2020-11-08,10659 days,False
84,84,2005797,2005797,5797 Bivoj (1980 AA),Bivoj,5797,18.8,False,False,0.4619074603,1.0328564805,93,AMO,1.052511781229716,2.734983752219537,1953-10-12,2019-04-29,Near-Earth asteroid orbits similar to that of 1221 Amor,0.2854745101,1953-10-12,2019-04-29,23940 days,False
87,87,2005863,2005863,5863 Tara (1983 RB),Tara,5863,15.85,False,False,1.7970285486,4.0182779922,237,AMO,1.098857199367358,3.34632802713108,1983-09-07,2022-04-03,Near-Earth asteroid orbits similar to that of 1221 Amor,1.1106247217999998,1983-09-07,2022-04-03,14088 days,False
88,88,2005869,2005869,5869 Tanith (1988 VN4),Tanith,5869,17.2,False,False,0.9650614696,2.1579430484,149,AMO,1.229490505513638,2.394406420066556,1977-02-16,2021-06-11,Near-Earth asteroid orbits similar to that of 1221 Amor,0.5964407893999999,1977-02-16,2021-06-11,16186 days,False
89,89,2005879,2005879,5879 Almeria (1992 CH1),Almeria,5879,17.66,False,False,0.7808272775,1.7459828712,202,AMO,1.154769501777154,2.094353210943931,1992-02-08,2021-07-07,Near-Earth asteroid orbits similar to that of 1221 Amor,0.48257779685,1992-02-08,2021-07-07,10742 days,False
92,92,2006050,2006050,6050 Miwablock (1992 AE),Miwablock,6050,15.0,False,False,2.658,5.9434686842,457,AMO,1.239995691161913,3.16514594406185,1953-02-15,2022-04-01,Near-Earth asteroid orbits similar to that of 1221 Amor,1.6427343421,1953-02-15,2022-04-01,25247 days,False
94,94,2006063,2006063,6063 Jason (1984 KB),Jason,6063,15.97,False,False,1.7004151927,3.8022439609,187,APO,0.5218452742924481,3.914830938357445,1960-10-22,2021-09-08,Near-Earth asteroid orbits which cross the Earth’s orbit similar to that of 1862 Apollo,1.0509143841,1960-10-22,2021-09-08,22236 days,False
96,96,2006239,2006239,6239 Minos (1989 QF),Minos,6239,18.49,True,False,0.5327886649,1.1913516723,232,APO,0.6762039533911306,1.626195052134555,1983-01-14,2021-01-10,Near-Earth asteroid orbits which cross the Earth’s orbit similar to that of 1862 Apollo,0.3292815037,1983-01-14,2021-01-10,13876 days,False
98,98,2006456,2006456,6456 Golombek (1992 OM),Golombek,6456,15.96,False,False,1.7082639526,3.8197943216,306,AMO,1.294677991642281,3.090322548338146,1979-08-22,2021-12-02,Near-Earth asteroid orbits similar to that of 1221 Amor,1.0557651844999998,1979-08-22,2021-12-02,15443 days,False
99,99,2006489,2006489,6489 Golevka (1991 JX),Golevka,6489,19.2,True,False,0.3841978911,0.8590926012,106,APO,0.9631204103680504,4.008128430225193,1991-04-15,2015-11-03,Near-Earth asteroid orbits which cross the Earth’s orbit similar to that of 1862 Apollo,0.23744735504999998,1991-04-15,2015-11-03,8968 days,False
101,101,2006569,2006569,6569 Ondaatje (1993 MO),Ondaatje,6569,16.69,False,False,1.2205483181,2.7292290091,273,AMO,1.267411571370901,1.984973989191907,1983-12-29,2022-04-16,Near-Earth asteroid orbits similar to that of 1221 Amor,0.7543403455,1983-12-29,2022-04-16,13988 days,False
104,104,2007088,2007088,7088 Ishtar (1992 AA),Ishtar,7088,16.85,False,False,1.133848361,2.5353620113,238,AMO,1.208753069555742,2.75451573240279,1981-03-03,2021-06-19,Near-Earth asteroid orbits similar to that of 1221 Amor,0.70075682515,1981-03-03,2021-06-19,14718 days,False
105,105,2007092,2007092,7092 Cadmus (1992 LC),Cadmus,7092,15.02,False,False,2.6336313095,5.8889786358,198,APO,0.771257373328097,4.310087525711848,1980-06-02,2020-08-13,Near-Earth asteroid orbits which cross the Earth’s orbit similar to that of 1862 Apollo,1.62767366315,1980-06-02,2020-08-13,14682 days,False
108,108,2007336,2007336,7336 Saunders (1989 RS1),Saunders,7336,18.8,False,False,0.4619074603,1.0328564805,147,AMO,1.195102744285535,3.416282438222721,1982-10-20,2018-01-15,Near-Earth asteroid orbits similar to that of 1221 Amor,0.2854745101,1982-10-20,2018-01-15,12871 days,False
111,111,2007358,2007358,7358 Oze (1995 YA3),Oze,7358,14.76,False,False,2.9686225126,6.6380417377,418,AMO,1.09394772719638,3.302606990228544,1959-12-02,2022-04-01,Near-Earth asteroid orbits similar to that of 1221 Amor,1.83470961255,1959-12-02,2022-04-01,22766 days,False
113,113,2007480,2007480,7480 Norwan (1994 PC),Norwan,7480,17.06,False,False,1.0293308202,2.3016536853,210,AMO,1.07066461242876,2.064844161296608,1982-05-01,2021-06-07,Near-Earth asteroid orbits similar to that of 1221 Amor,0.6361614325499999,1982-05-01,2021-06-07,14282 days,False
121,121,2008013,2008013,8013 Gordonmoore (1990 KA),Gordonmoore,8013,17.1,False,False,1.0105434154,2.2596437711,175,AMO,1.25078609624937,3.149087983897994,1951-09-01,2021-11-30,Near-Earth asteroid orbits similar to that of 1221 Amor,0.62455017785,1951-09-01,2021-11-30,25658 days,False
123,123,2008034,2008034,8034 Akka (1992 LR),Akka,8034,18.01,False,False,0.6645917971,1.4860724357,111,AMO,1.081214431196645,2.578665514354533,1992-05-21,2021-02-13,Near-Earth asteroid orbits similar to that of 1221 Amor,0.41074031929999993,1992-05-21,2021-02-13,10495 days,False
131,131,2008709,2008709,8709 Kadlu (1994 JF1),Kadlu,8709,17.08,False,False,1.0198938585,2.2805519975,65,AMO,1.29253010802543,3.766277287795753,1990-09-23,2022-04-07,Near-Earth asteroid orbits similar to that of 1221 Amor,0.6303290695,1990-09-23,2022-04-07,11519 days,False
133,133,2009162,2009162,9162 Kwiila (1987 OA),Kwiila,9162,18.0,False,False,0.6676594135,1.4929318344,148,APO,0.605369089429373,2.38738935874992,1987-07-18,2021-05-14,Near-Earth asteroid orbits which cross the Earth’s orbit similar to that of 1862 Apollo,0.41263621045,1987-07-18,2021-05-14,12354 days,False
134,134,2009172,2009172,9172 Abhramu (1989 OB),Abhramu,9172,16.65,False,False,1.2432400055,2.7799691647,88,AMO,1.211136601864603,4.207308460053932,1989-07-07,2022-03-05,Near-Earth asteroid orbits similar to that of 1221 Amor,0.7683645796000002,1989-07-07,2022-03-05,11929 days,False
138,138,2009950,2009950,9950 ESA (1990 VB),ESA,9950,16.21,False,False,1.5224918504,3.4043952726,176,AMO,1.138447442154608,3.737585790171956,1990-11-08,2022-04-03,Near-Earth asteroid orbits similar to that of 1221 Amor,0.9409517111,1990-11-08,2022-04-03,11469 days,False
144,144,2010563,2010563,10563 Izhdubar (1993 WD),Izhdubar,10563,16.94,False,False,1.0878148336,2.4324279148,83,APO,0.7387394822184818,1.274960670945201,1991-11-13,2021-07-02,Near-Earth asteroid orbits which cross the Earth’s orbit similar to that of 1862 Apollo,0.6723065406,1991-11-13,2021-07-02,10824 days,False
148,148,2011066,2011066,11066 Sigurd (1992 CC1),Sigurd,11066,15.25,False,False,2.3689449936,5.2971220406,314,APO,0.8691633601407519,1.91391880465577,1976-04-01,2022-01-12,Near-Earth asteroid orbits which cross the Earth’s orbit similar to that of 1862 Apollo,1.4640885234999998,1976-04-01,2022-01-12,16722 days,False
149,149,2011284,2011284,11284 Belenus (1990 BA),Belenus,11284,18.17,False,False,0.6173834405,1.3805113411,159,AMO,1.153115779291094,2.32700877011593,1950-12-09,2022-03-23,Near-Earth asteroid orbits similar to that of 1221 Amor,0.3815639503,1950-12-09,2022-03-23,26037 days,False
150,150,2011311,2011311,11311 Peleus (1993 XN2),Peleus,11311,15.91,False,False,1.7480545317,3.9087687612,146,APO,0.9826071478679702,3.251546861257539,1993-12-10,2022-04-08,Near-Earth asteroid orbits which cross the Earth’s orbit similar to that of 1862 Apollo,1.08035711475,1993-12-10,2022-04-08,10346 days,False
153,153,2011500,2011500,11500 Tomaiyowit (1989 UR),Tomaiyowit,11500,18.32,True,False,0.5761757511,1.2883681464,212,APO,0.6955300902857173,1.464246090830432,1989-10-25,2019-08-18,Near-Earth asteroid orbits which cross the Earth’s orbit similar to that of 1862 Apollo,0.35609619765000006,1989-10-25,2019-08-18,10889 days,False
154,154,2011885,2011885,11885 Summanus (1990 SS),Summanus,11885,18.52,False,False,0.5254785303,1.1750057146,79,APO,0.8953190014793486,2.511454294987516,1990-09-25,2022-03-01,Near-Earth asteroid orbits which cross the Earth’s orbit similar to that of 1862 Apollo,0.32476359214999995,1990-09-25,2022-03-01,11480 days,False
156,156,2012711,2012711,12711 Tukmit (1991 BB),Tukmit,12711,16.01,False,False,1.6693791177,3.7328451875,343,APO,0.863558341787954,1.50925037852806,1991-01-12,2022-03-17,Near-Earth asteroid orbits which cross the Earth’s orbit similar to that of 1862 Apollo,1.0317330349000002,1991-01-12,2022-03-17,11387 days,False
157,157,2012923,2012923,12923 Zephyr (1999 GK4),Zephyr,12923,15.82,True,False,1.8220277059,4.0741778073,414,APO,0.9962225321419932,2.927925442804134,1955-04-21,2022-03-22,Near-Earth asteroid orbits which cross the Earth’s orbit similar to that of 1862 Apollo,1.1260750507,1955-04-21,2022-03-22,24442 days,False
158,158,2013553,2013553,13553 Masaakikoyama (1992 JE),Masaakikoyama,13553,16.47,False,False,1.3506877983,3.0202297334,349,AMO,1.172664161185341,3.204899700553968,1979-06-24,2021-12-02,Near-Earth asteroid orbits similar to that of 1221 Amor,0.8347709675499999,1979-06-24,2021-12-02,15502 days,False
161,161,2014827,2014827,14827 Hypnos (1986 JK),Hypnos,14827,18.3,True,False,0.5815070396,1.30028927,52,APO,0.9498233681864678,4.735613546512233,1986-05-04,2019-04-03,Near-Earth asteroid orbits which cross the Earth’s orbit similar to that of 1862 Apollo,0.35939111519999994,1986-05-04,2019-04-03,12022 days,False
162,162,2015745,2015745,15745 Yuliya (1991 PM5),Yuliya,15745,17.32,False,False,0.9131770255,2.0419259045,232,AMO,1.281149503549415,2.158364705377555,1982-07-27,2022-01-07,Near-Earth asteroid orbits similar to that of 1221 Amor,0.5643744395000001,1982-07-27,2022-01-07,14409 days,False
163,163,2015817,2015817,15817 Lucianotesi (1994 QC),Lucianotesi,15817,18.4,False,False,0.5553349116,1.2417666126,139,AMO,1.168101792734176,1.48099798777295,1994-08-28,2021-01-14,Near-Earth asteroid orbits similar to that of 1221 Amor,0.3432158505,1994-08-28,2021-01-14,9636 days,False
164,164,2016064,2016064,16064 Davidharvey (1999 RH27),Davidharvey,16064,16.67,False,False,1.2318419127,2.7544822542,89,AMO,1.17041232519423,4.526601317630499,1994-09-01,2020-05-19,Near-Earth asteroid orbits similar to that of 1221 Amor,0.76132017075,1994-09-01,2020-05-19,9392 days,False
169,169,2016912,2016912,16912 Rhiannon (1998 EP8),Rhiannon,16912,17.9,False,False,0.6991252322,1.5632915441,69,AMO,1.273602347446999,2.228613567041842,1992-08-29,2021-03-20,Near-Earth asteroid orbits similar to that of 1221 Amor,0.43208315594999996,1992-08-29,2021-03-20,10430 days,False
176,176,2018106,2018106,18106 Blume (2000 NX3),Blume,18106,17.7,False,False,0.7665755735,1.7141150923,47,AMO,1.193207942724581,3.696580287030257,1977-09-04,2021-02-12,Near-Earth asteroid orbits similar to that of 1221 Amor,0.47376975939999993,1977-09-04,2021-02-12,15867 days,False
188,188,2020460,2020460,20460 Robwhiteley (1999 LO28),Robwhiteley,20460,15.31,False,False,2.3043846658,5.152760759,324,AMO,1.103479174032074,2.650168082598511,1954-12-30,2022-03-06,Near-Earth asteroid orbits similar to that of 1221 Amor,1.4241880466000003,1954-12-30,2022-03-06,24538 days,False
191,191,2021088,2021088,21088 Chelyabinsk (1992 BL2),Chelyabinsk,21088,14.31,False,False,3.6522035696,8.1665754493,570,AMO,1.29917543552614,2.113681924270126,1990-01-30,2021-05-10,Near-Earth asteroid orbits similar to that of 1221 Amor,2.25718593985,1990-01-30,2021-05-10,11423 days,False
205,205,2024761,2024761,24761 Ahau (1993 BW2),Ahau,24761,17.28,False,False,0.930154254,2.0798881414,170,APO,0.9267390224986328,1.743053806616984,1993-01-28,2021-07-07,Near-Earth asteroid orbits which cross the Earth’s orbit similar to that of 1862 Apollo,0.5748669437,1993-01-28,2021-07-07,10387 days,False
206,206,2025143,2025143,25143 Itokawa (1998 SF36),Itokawa,25143,19.0,True,False,0.4212646106,0.9419763057,214,APO,0.953169409113684,1.695058323916333,1998-09-19,2022-03-25,Near-Earth asteroid orbits which cross the Earth’s orbit similar to that of 1862 Apollo,0.26035584755,1998-09-19,2022-03-25,8588 days,False
240,240,2037655,2037655,37655 Illapa (1994 PM),Illapa,37655,17.81,True,False,0.7287104149,1.6294460236,120,APO,0.3661496156117923,2.589514265828829,1994-08-01,2021-08-02,Near-Earth asteroid orbits which cross the Earth’s orbit similar to that of 1862 Apollo,0.45036780434999996,1994-08-01,2021-08-02,9863 days,False
242,242,2038086,2038086,38086 Beowulf (1999 JB),Beowulf,38086,17.34,False,False,0.9048049682,2.0232054153,195,APO,0.6159062541403645,2.224438554970546,1992-05-01,2022-03-23,Near-Earth asteroid orbits which cross the Earth’s orbit similar to that of 1862 Apollo,0.55920022355,1992-05-01,2022-03-23,10918 days,False
257,257,2052387,2052387,52387 Huitzilopochtli (1993 OM7),Huitzilopochtli,52387,17.7,False,False,0.7665755735,1.7141150923,144,AMO,1.038868357635245,1.525401312398525,1993-07-20,2021-12-05,Near-Earth asteroid orbits similar to that of 1221 Amor,0.47376975939999993,1993-07-20,2021-12-05,10365 days,False
275,275,2054509,2054509,54509 YORP (2000 PH5),YORP,54509,22.7,False,False,0.0766575574,0.1714115092,87,APO,0.7745491344299926,1.237304605693859,2000-08-03,2005-08-03,Near-Earth asteroid orbits which cross the Earth’s orbit similar to that of 1862 Apollo,0.0473769759,2000-08-03,2005-08-03,1826 days,False
288,288,2065803,2065803,65803 Didymos (1996 GT),Didymos,65803,18.07,True,False,0.6464798256,1.4455728362,181,APO,1.013081014093853,2.275332821472599,1996-04-11,2021-02-05,Near-Earth asteroid orbits which cross the Earth’s orbit similar to that of 1862 Apollo,0.3995465053,1996-04-11,2021-02-05,9066 days,False
297,297,2066391,2066391,66391 Moshup (1999 KW4),Moshup,66391,16.59,True,False,1.2780709882,2.8578536096,351,ATE,0.2001871019669734,1.084556685440233,1998-05-29,2021-08-22,Near-Earth asteroid orbits similar to that of 2062 Aten,0.7898913106999998,1998-05-29,2021-08-22,8486 days,False
317,317,2069230,2069230,69230 Hermes (1937 UB),Hermes,69230,17.51,True,False,0.8366715019,1.8708543531,145,APO,0.6219231031474675,2.688203413628972,1937-10-25,2020-11-19,Near-Earth asteroid orbits which cross the Earth’s orbit similar to that of 1862 Apollo,0.5170914256,1937-10-25,2020-11-19,30341 days,False
323,323,2085585,2085585,85585 Mjolnir (1998 FG2),Mjolnir,85585,21.6,True,False,0.1272198785,0.2844722965,32,APO,0.8352436825755152,1.759907214479136,1998-03-21,2003-10-20,Near-Earth asteroid orbits which cross the Earth’s orbit similar to that of 1862 Apollo,0.078626209,1998-03-21,2003-10-20,2039 days,False
371,371,2096189,2096189,96189 Pygmalion (1991 NT3),Pygmalion,96189,16.44,False,False,1.3694777373,3.0622453143,235,AMO,1.260304222518295,2.380140033009909,1986-03-19,2022-01-06,Near-Earth asteroid orbits similar to that of 1221 Amor,0.8463837885000001,1986-03-19,2022-01-06,13077 days,False
383,383,2099942,2099942,99942 Apophis (2004 MN4),Apophis,99942,19.09,True,False,0.4041615334,0.9037326626,216,ATE,0.7461066758322956,1.099285102884829,2004-03-15,2021-05-12,Near-Earth asteroid orbits similar to that of 2062 Aten,0.24978556459999998,2004-03-15,2021-05-12,6267 days,False
390,390,2101955,2101955,101955 Bennu (1999 RQ36),Bennu,101955,20.21,True,True,0.2412986969,0.5395602892,118,APO,0.8968944004459729,1.355887651343651,1999-09-11,2020-10-03,Near-Earth asteroid orbits which cross the Earth’s orbit similar to that of 1862 Apollo,0.14913079615,1999-09-11,2020-10-03,7693 days,False
412,412,2136795,2136795,136795 Tatsunokingo (1997 BQ),Tatsunokingo,136795,18.17,True,False,0.6173834405,1.3805113411,86,APO,0.9100334689152833,2.583138682372806,1997-01-16,2021-11-30,Near-Earth asteroid orbits which cross the Earth’s orbit similar to that of 1862 Apollo,0.3815639503,1997-01-16,2021-11-30,9084 days,False
413,413,2136818,2136818,136818 Selqet (1997 MW1),Selqet,136818,18.98,False,False,0.425162524,0.9506923052,104,ATE,0.6128413000640286,1.26217973609333,1997-06-29,2019-05-07,Near-Earth asteroid orbits similar to that of 2062 Aten,0.2627648906,1997-06-29,2019-05-07,7982 days,False
423,423,2137052,2137052,137052 Tjelvar (1998 VO33),Tjelvar,137052,17.07,False,False,1.0246014747,2.2910785472,244,APO,0.2377700504242541,2.258300157287607,1998-11-15,2022-02-08,Near-Earth asteroid orbits which cross the Earth’s orbit similar to that of 1862 Apollo,0.63323853625,1998-11-15,2022-02-08,8486 days,False
612,612,2154991,2154991,154991 Vinciguerra (2005 BX26),Vinciguerra,154991,18.51,False,False,0.527904029,1.1804292945,111,AMO,1.154463870871651,2.255064166853658,1987-05-30,2021-10-04,Near-Earth asteroid orbits similar to that of 1221 Amor,0.32626263274999995,1987-05-30,2021-10-04,12546 days,False
643,643,2161989,2161989,161989 Cacus (1978 CA),Cacus,161989,17.33,True,False,0.9089813582,2.0325441072,203,APO,0.882861594056069,1.363435795474164,1978-02-08,2022-04-01,Near-Earth asteroid orbits which cross the Earth’s orbit similar to that of 1862 Apollo,0.5617813745,1978-02-08,2022-04-01,16123 days,False
649,649,2162011,2162011,162011 Konnohmaru (1994 AB1),Konnohmaru,162011,16.54,False,False,1.3078410858,2.9244215717,105,AMO,1.140566160599303,4.524480978295732,1993-12-22,2019-05-07,Near-Earth asteroid orbits similar to that of 1221 Amor,0.80829024295,1993-12-22,2019-05-07,9267 days,False
666,666,2162173,2162173,162173 Ryugu (1999 JU3),Ryugu,162173,19.38,True,False,0.3536347843,0.7907514169,249,APO,0.963474650993796,1.418552203547028,1986-04-14,2021-06-21,Near-Earth asteroid orbits which cross the Earth’s orbit similar to that of 1862 Apollo,0.21855831629999997,1986-04-14,2021-06-21,12852 days,False
745,745,2163693,2163693,163693 Atira (2003 CP20),Atira,163693,16.36,False,False,1.4208720673,3.1771665298,147,IEO,0.5022750623052787,0.9797337804345524,2003-02-11,2022-04-15,An asteroid orbit contained entirely within the orbit of the Earth - Interior Earth Object,0.87814723125,2003-02-11,2022-04-15,7003 days,False
764,764,2164215,2164215,164215 Doloreshill (2004 MF6),Doloreshill,164215,20.0,False,False,0.2658,0.5943468684,43,AMO,1.27769165336953,2.953498096338348,2001-10-20,2010-05-20,Near-Earth asteroid orbits similar to that of 1221 Amor,0.16427343419999998,2001-10-20,2010-05-20,3134 days,False
829,829,2189011,2189011,189011 Ogmios (1997 NJ6),Ogmios,189011,19.08,False,False,0.4060270583,0.907904103,71,AMO,1.15197491705256,1.848693008190695,1997-07-08,2022-01-25,Near-Earth asteroid orbits similar to that of 1221 Amor,0.25093852235,1997-07-08,2022-01-25,8967 days,False
913,913,2217628,2217628,217628 Lugh (1990 HA),Lugh,217628,16.62,True,False,1.2605351968,2.8186423881,31,APO,0.7303076554457858,4.335022359579023,1960-09-24,2019-06-03,Near-Earth asteroid orbits which cross the Earth’s orbit similar to that of 1862 Apollo,0.7790535956499999,1960-09-24,2019-06-03,21436 days,False
1171,1171,2306367,2306367,306367 Nut (5025 P-L),Nut,306367,15.7,False,False,1.9255507819,4.3056624424,56,APO,0.6546108282683711,4.416508964597191,1960-10-22,2021-08-03,Near-Earth asteroid orbits which cross the Earth’s orbit similar to that of 1862 Apollo,1.19005583025,1960-10-22,2021-08-03,22200 days,False
1214,1214,2314082,2314082,314082 Dryope (2005 CZ36),Dryope,314082,17.4,True,False,0.8801465209,1.9680674509,60,APO,0.9521236624653032,3.523937310017934,2005-01-19,2019-11-25,Near-Earth asteroid orbits which cross the Earth’s orbit similar to that of 1862 Apollo,0.5439604650000001,2005-01-19,2019-11-25,5423 days,False
1242,1242,2326290,2326290,326290 Akhenaten (1998 HE3),Akhenaten,326290,21.73,True,False,0.1198270801,0.2679414966,65,ATE,0.4919856535786943,1.265886750801431,1993-04-13,2021-04-19,Near-Earth asteroid orbits similar to that of 2062 Aten,0.07405720825,1993-04-13,2021-04-19,10233 days,False
1335,1335,2343158,2343158,343158 Marsyas (2009 HC82),Marsyas,343158,16.33,False,False,1.4406383667,3.2213653189,75,APO,0.4889103578262293,4.565504270970917,2004-03-18,2021-07-06,Near-Earth asteroid orbits which cross the Earth’s orbit similar to that of 1862 Apollo,0.8903634761000001,2004-03-18,2021-07-06,6319 days,False
1473,1473,2367943,2367943,367943 Duende (2012 DA14),Duende,367943,24.0,False,False,0.0421264611,0.0941976306,81,ATE,0.8288471958657786,0.9914328653693087,2012-02-23,2013-02-21,Near-Earth asteroid orbits similar to that of 2062 Aten,0.02603558475,2012-02-23,2013-02-21,364 days,False
1626,1626,2398188,2398188,398188 Agni (2010 LE15),Agni,398188,19.4,True,False,0.3503926411,0.7835017643,100,ATE,0.6280398371694909,1.100610609533313,2001-07-02,2018-08-11,Near-Earth asteroid orbits similar to that of 2062 Aten,0.21655456159999997,2001-07-02,2018-08-11,6249 days,False
1819,1819,2428694,2428694,428694 Saule (2008 OS9),Saule,428694,19.38,False,False,0.3536347843,0.7907514169,59,APO,0.5637541318024198,2.638732594020849,2008-07-25,2021-05-05,Near-Earth asteroid orbits which cross the Earth’s orbit similar to that of 1862 Apollo,0.21855831629999997,2008-07-25,2021-05-05,4667 days,False
2011,2011,2452307,2452307,452307 Manawydan (1997 XV11),Manawydan,452307,18.44,False,False,0.5451989071,1.2191018176,65,AMO,1.273370586711552,2.460663825367812,1997-12-05,2021-01-17,Near-Earth asteroid orbits similar to that of 1221 Amor,0.33695145525,1997-12-05,2021-01-17,8444 days,False
2182,2182,2469219,2469219,469219 Kamo`oalewa (2016 HO3),Kamo`oalewa,469219,24.33,False,False,0.0361871997,0.0809170384,27,APO,0.8980358366530018,1.104238851473863,2004-03-17,2021-05-13,Near-Earth asteroid orbits which cross the Earth’s orbit similar to that of 1862 Apollo,0.02236491935,2004-03-17,2021-05-13,6266 days,False
2211,2211,2471926,2471926,471926 Jormungandr (2013 KN6),Jormungandr,471926,18.54,True,False,0.5206609142,1.1642331974,44,APO,0.2189659469510358,2.712892665077174,2013-05-28,2020-06-08,Near-Earth asteroid orbits which cross the Earth’s orbit similar to that of 1862 Apollo,0.32178614159999996,2013-05-28,2020-06-08,2568 days,False
2300,2300,2481984,2481984,481984 Cernunnos (2009 KL2),Cernunnos,481984,17.98,False,False,0.67383719,1.5067457626,91,AMO,1.166193199492902,3.232767238377121,1996-09-18,2022-04-02,Near-Earth asteroid orbits similar to that of 1221 Amor,0.41645428630000003,1996-09-18,2022-04-02,9327 days,False
